{"pipes":[{"x":474,"y":251},{"x":656,"y":180},{"x":1098,"y":268},{"x":1605,"y":301},{"x":1813,"y":275},{"x":2053,"y":275},{"x":2350,"y":311},{"x":2569,"y":264},{"x":33,"y":229},{"x":-189,"y":402},{"x":-51,"y":359},{"x":304,"y":389},{"x":1240,"y":478},{"x":1465,"y":286}],"goombas":[{"x":1160,"y":505,"rightFacing":false,"flaming":false},{"x":1160,"y":505,"rightFacing":false,"flaming":false},{"x":1180,"y":505,"rightFacing":false,"flaming":false},{"x":1188,"y":505,"rightFacing":true,"flaming":false},{"x":1168,"y":505,"rightFacing":true,"flaming":false},{"x":1203,"y":505,"rightFacing":true,"flaming":false},{"x":581,"y":505,"rightFacing":false,"flaming":false},{"x":239,"y":505,"rightFacing":false,"flaming":true},{"x":569,"y":437,"rightFacing":true,"flaming":false}]}